{
  "IcoMoonType": "selection",
  "icons": [
    {
      "icon": {
        "paths": [
          "M512 0c-176.732 0-320 143.268-320 320 0 320 320 704 320 704s320-384 320-704c0-176.732-143.268-320-320-320zM512 512c-106.040 0-192-85.96-192-192s85.96-192 192-192c106.040 0 192 85.96 192 192s-85.96 192-192 192z"
        ],
        "attrs": [
          {
            "fill": "rgb(245, 245, 245)"
          }
        ],
        "isMulticolor": false,
        "isMulticolor2": false,
        "grid": 0,
        "tags": [
          "card-1"
        ]
      },
      "attrs": [
        {
          "fill": "rgb(245, 245, 245)"
        }
      ],
      "properties": {
        "order": 16,
        "id": 3,
        "name": "card-1",
        "prevSize": 32,
        "code": 59648
      },
      "setIdx": 1,
      "setId": 4,
      "iconIdx": 0
    },
    {
      "icon": {
        "paths": [
          "M688.404 770.621v-52.767c63.186-39.711 114.734-138.783 114.734-237.823 0-159.072 0-288-172.104-288-172.1 0-172.1 128.928-172.1 288 0 99.071 51.545 198.113 114.736 237.823v52.767c-194.59 17.761-344.203 124.416-344.203 253.379h803.14c0-128.963-149.617-235.648-344.202-253.379z",
          "M293.288 795.325c49.565-36.157 111.206-63.647 179.071-80.415-13.481-17.792-25.729-37.632-36.284-59.008-27.25-55.229-41.677-116.065-41.677-175.903 0-86.048 0-167.296 27.422-233.76 26.618-64.512 74.52-104.48 142.727-119.488-15.171-76.48-55.529-126.752-162.978-126.752-172.101 0-172.101 128.928-172.101 288 0 99.072 51.545 198.112 114.734 237.824v52.767c-194.589 17.761-344.202 124.416-344.202 253.379h250.091c13.023-12.897 27.422-25.185 43.197-36.675v0.031z"
        ],
        "attrs": [
          {
            "fill": "rgb(245, 245, 245)"
          },
          {
            "fill": "rgb(245, 245, 245)"
          }
        ],
        "width": 1075,
        "isMulticolor": false,
        "isMulticolor2": false,
        "grid": 0,
        "tags": [
          "card-2"
        ]
      },
      "attrs": [
        {
          "fill": "rgb(245, 245, 245)"
        },
        {
          "fill": "rgb(245, 245, 245)"
        }
      ],
      "properties": {
        "order": 17,
        "id": 2,
        "name": "card-2",
        "prevSize": 32,
        "code": 59649
      },
      "setIdx": 1,
      "setId": 4,
      "iconIdx": 1
    },
    {
      "icon": {
        "paths": [
          "M1237.333 0h-1109.333c-70.4 0-128 57.6-128 128v768c0 70.397 57.6 128 128 128h1109.333c70.397 0 128-57.603 128-128v-768c0-70.4-57.603-128-128-128zM128 85.333h1109.333c23.129 0 42.667 19.539 42.667 42.667v128h-1194.667v-128c0-23.128 19.539-42.667 42.667-42.667zM1237.333 938.667h-1109.333c-23.128 0-42.667-19.538-42.667-42.667v-384h1194.667v384c0 23.129-19.538 42.667-42.667 42.667zM170.667 682.667h85.333v170.667h-85.333v-170.667zM341.333 682.667h85.333v170.667h-85.333v-170.667zM512 682.667h85.333v170.667h-85.333v-170.667z"
        ],
        "attrs": [
          {
            "fill": "rgb(245, 245, 245)"
          }
        ],
        "width": 1365,
        "isMulticolor": false,
        "isMulticolor2": false,
        "grid": 0,
        "tags": [
          "card-3"
        ]
      },
      "attrs": [
        {
          "fill": "rgb(245, 245, 245)"
        }
      ],
      "properties": {
        "order": 18,
        "id": 1,
        "name": "card-3",
        "prevSize": 32,
        "code": 59650
      },
      "setIdx": 1,
      "setId": 4,
      "iconIdx": 2
    },
    {
      "icon": {
        "paths": [
          "M0 64v640h1024v-640h-1024zM960 640h-896v-512h896v512zM672 768h-320l-32 128-64 64h512l-64-64-32-128z"
        ],
        "attrs": [
          {
            "fill": "rgb(245, 245, 245)"
          }
        ],
        "isMulticolor": false,
        "isMulticolor2": false,
        "grid": 0,
        "tags": [
          "card-4"
        ]
      },
      "attrs": [
        {
          "fill": "rgb(245, 245, 245)"
        }
      ],
      "properties": {
        "order": 19,
        "id": 0,
        "name": "card-4",
        "prevSize": 32,
        "code": 59651
      },
      "setIdx": 1,
      "setId": 4,
      "iconIdx": 3
    },
    {
      "icon": {
        "paths": [
          "M1024 590.444l-512-397.426-512 397.428v-162.038l512-397.426 512 397.428zM896 576v384h-256v-256h-256v256h-256v-384l384-288z"
        ],
        "tags": [
          "home",
          "house"
        ],
        "defaultCode": 59648,
        "grid": 16,
        "attrs": []
      },
      "attrs": [],
      "properties": {
        "ligatures": "home, house",
        "name": "home",
        "order": 20,
        "id": 1,
        "prevSize": 32,
        "code": 59653
      },
      "setIdx": 4,
      "setId": 1,
      "iconIdx": 0
    }
  ],
  "height": 1024,
  "preferences": {
    "showGlyphs": true,
    "showQuickUse": true,
    "showQuickUse2": true,
    "showSVGs": true,
    "fontPref": {
      "prefix": "icon-",
      "metadata": {
        "fontFamily": "icomoon",
        "majorVersion": 1,
        "minorVersion": 0
      },
      "metrics": {
        "emSize": 1024,
        "baseline": 6.25,
        "whitespace": 50
      },
      "embed": false,
      "showSelector": true,
      "showMetrics": true,
      "showMetadata": true,
      "showVersion": true,
      "cssVars": false,
      "cssVarsFormat": "scss"
    },
    "imagePref": {
      "prefix": "icon-",
      "png": false,
      "useClassSelector": true,
      "color": 0,
      "bgColor": 16777215,
      "classSelector": ".icon",
      "name": "icomoon",
      "height": 32,
      "columns": 16,
      "margin": 16,
      "sprite": true
    },
    "historySize": 50,
    "showCodes": true,
    "gridSize": 16
  }
}